Workbook

Sheet NO_TOKEN
A1: token | B1: name | C1: phone | D1: email | E1: position | F1: source | G1: createdAt | H1: status

Sheet IQ
A1: token | B1: startedAt | C1: endedAt | D1: durationSec | E1: correct | F1: total | G1: percent | H1: iqEstimate | I1: iqCategory | J1: scoreBand | K1: answered | L1: unanswered | M1: flagged
D2: =IF(OR(B2="",C2=""),"",ROUND((C2-B2)*86400,0)) | G2: =IF(OR(E2="",F2=""),"",ROUND(E2/F2*100,1)) | H2: =IF(G2="","",ROUND(70+(G2*0.6),0)) | I2: =IF(H2="","",_xlfn.IFS(H2>=120,"Very High",H2>=110,"High",H2>=90,"Average",H2>=80,"Below Average",TRUE,"Low")) | J2: =IF(G2="","",_xlfn.IFS(G2>=85,"A",G2>=70,"B",G2>=55,"C",TRUE,"D"))

Sheet PAULI_KRAEPLIN
A1: token | B1: startedAt | C1: endedAt | D1: durationSec | E1: totalAttempt | F1: correct | G1: wrong | H1: accuracyPct | I1: speedPerMin | J1: consistencyPct | K1: pauliScore | L1: pauliCategory
D2: =IF(OR(B2="",C2=""),"",ROUND((C2-B2)*86400,0)) | G2: =IF(OR(E2="",F2=""),"",E2-F2) | H2: =IF(E2="","",ROUND(F2/E2*100,1)) | I2: =IF(OR(D2="",E2=""),"",ROUND(E2/(D2/60),1)) | K2: =IF(OR(H2="",I2=""),"",ROUND((H2*0.6)+(MIN(I2,60)/60*100*0.4),1)) | L2: =IF(K2="","",_xlfn.IFS(K2>=85,"Excellent",K2>=70,"Good",K2>=55,"Average",TRUE,"Needs Improvement"))

Sheet TYPING_TEST
A1: token | B1: startedAt | C1: endedAt | D1: durationSec | E1: wordsTyped | F1: errors | G1: grossWPM | H1: netWPM | I1: accuracyPct | J1: typingCategory
D2: =IF(OR(B2="",C2=""),"",ROUND((C2-B2)*86400,0)) | G2: =IF(OR(D2="",E2=""),"",ROUND(E2/(D2/60),1)) | H2: =IF(OR(G2="",F2="",D2=""),"",ROUND(MAX(G2-(F2/(D2/60)),0),1)) | I2: =IF(OR(G2="",H2=""),"",ROUND(IF(G2=0,0,H2/G2*100),1)) | J2: =IF(OR(H2="",I2=""),"",_xlfn.IFS(AND(H2>=50,I2>=95),"Excellent",AND(H2>=40,I2>=92),"Good",AND(H2>=30,I2>=88),"Average",TRUE,"Needs Improvement"))

Sheet DISC
A1: token | B1: D_score | C1: I_score | D1: S_score | E1: C_score | F1: discType | G1: discSummary
F2: =IF(COUNTA(B2:E2)<4,"",INDEX({"D","I","S","C"},MATCH(MAX(B2:E2),B2:E2,0))) | G2: =IF(F2="","",_xlfn.SWITCH(F2,"D","Direct, decisive, result-oriented","I","Persuasive, social, expressive","S","Stable, patient, supportive","C","Careful, analytical, detail-oriented"))

Sheet WORKING_STYLE
A1: token | B1: analytical | C1: structured | D1: collaborative | E1: adaptive | F1: dominantStyle | G1: styleSummary
F2: =IF(COUNTA(B2:E2)<4,"",INDEX({"Analytical","Structured","Collaborative","Adaptive"},MATCH(MAX(B2:E2),B2:E2,0))) | G2: =IF(F2="","",_xlfn.SWITCH(F2,"Analytical","Strong in logic and problem solving","Structured","Strong in planning and consistency","Collaborative","Strong in teamwork and communication","Adaptive","Strong in flexibility and speed"))

Sheet MASTER_REPORT
A1: token | B1: name | C1: phone | D1: position | E1: iqEstimate | F1: iqCategory | G1: pauliScore | H1: pauliCategory | I1: netWPM | J1: typingCategory | K1: discType | L1: workingStyle | M1: finalScore | N1: recommendation
A2: =_xlfn._xlws.SORT(_xlfn.UNIQUE(_xlfn._xlws.FILTER(NO_TOKEN!A2:A,NO_TOKEN!A2:A<>""))) -> #NAME? | B2: =IF($A2="","",_xlfn.XLOOKUP($A2,NO_TOKEN!$A:$A,NO_TOKEN!$B:$B,"")) -> #NAME? | C2: =IF($A2="","",_xlfn.XLOOKUP($A2,NO_TOKEN!$A:$A,NO_TOKEN!$C:$C,"")) -> #NAME? | D2: =IF($A2="","",_xlfn.XLOOKUP($A2,NO_TOKEN!$A:$A,NO_TOKEN!$E:$E,"")) -> #NAME? | E2: =IF($A2="","",_xlfn.XLOOKUP($A2,IQ!$A:$A,IQ!$H:$H,"")) -> #NAME? | F2: =IF($A2="","",_xlfn.XLOOKUP($A2,IQ!$A:$A,IQ!$I:$I,"")) -> #NAME? | G2: =IF($A2="","",_xlfn.XLOOKUP($A2,PAULI_KRAEPLIN!$A:$A,PAULI_KRAEPLIN!$K:$K,"")) -> #NAME? | H2: =IF($A2="","",_xlfn.XLOOKUP($A2,PAULI_KRAEPLIN!$A:$A,PAULI_KRAEPLIN!$L:$L,"")) -> #NAME? | I2: =IF($A2="","",_xlfn.XLOOKUP($A2,TYPING_TEST!$A:$A,TYPING_TEST!$H:$H,"")) -> #NAME? | J2: =IF($A2="","",_xlfn.XLOOKUP($A2,TYPING_TEST!$A:$A,TYPING_TEST!$J:$J,"")) -> #NAME? | K2: =IF($A2="","",_xlfn.XLOOKUP($A2,DISC!$A:$A,DISC!$F:$F,"")) -> #NAME? | L2: =IF($A2="","",_xlfn.XLOOKUP($A2,WORKING_STYLE!$A:$A,WORKING_STYLE!$F:$F,"")) -> #NAME? | M2: =IF($A2="","",ROUND((IFERROR(E2,0)*0.35)+(IFERROR(G2,0)*0.35)+(IFERROR(I2,0)*0.3),1)) -> #NAME? | N2: =IF($A2="","",_xlfn.IFS(M2>=85,"Strong Hire",M2>=70,"Recommended",M2>=55,"Consider",TRUE,"Not Recommended")) -> #NAME?
